Workbook

Sheet Lisez-moi
A1: Où se concentre le risque de départ client ? · CORRIGÉ
A3: Corrigé : formules en place, et chaque graphique a son onglet G. Ce sont ces graphiques qui sont sur le site.
A4: Astuce : la même analyse se fait en 3 clics avec un tableau croisé dynamique (voir le tuto).
A6: Les onglets
A7: • Clients : les 7 043 clients (ancienneté, internet, contrat, départ).
A8: • Analyse : taux de départ par segment, avec NB.SI.ENS.
A9: • G1 à G3 : les graphiques.
A11: Source : IBM Telco Customer Churn (jeu public), via le dépôt analyse-churn-telco.

Sheet Clients
A1: Les clients
A2: Une ligne par client. Churn = Yes : le client est parti.
A4: Client | B4: Ancienneté (mois) | C4: Internet | D4: Contrat | E4: Churn | F4: Tranche d'ancienneté
A5: 7590-VHVEG | B5: 1 | C5: DSL | D5: Month-to-month | E5: No | F5: =IF(B5<=12,"0-12 mois",IF(B5<=24,"13-24 mois",IF(B5<=48,"25-48 mois","49 mois et +"))) -> 0-12 mois
A6: 5575-GNVDE | B6: 34 | C6: DSL | D6: One year | E6: No | F6: =IF(B6<=12,"0-12 mois",IF(B6<=24,"13-24 mois",IF(B6<=48,"25-48 mois","49 mois et +"))) -> 25-48 mois
A7: 3668-QPYBK | B7: 2 | C7: DSL | D7: Month-to-month | E7: Yes | F7: =IF(B7<=12,"0-12 mois",IF(B7<=24,"13-24 mois",IF(B7<=48,"25-48 mois","49 mois et +"))) -> 0-12 mois
A8: 7795-CFOCW | B8: 45 | C8: DSL | D8: One year | E8: No | F8: =IF(B8<=12,"0-12 mois",IF(B8<=24,"13-24 mois",IF(B8<=48,"25-48 mois","49 mois et +"))) -> 25-48 mois
A9: 9237-HQITU | B9: 2 | C9: Fiber optic | D9: Month-to-month | E9: Yes | F9: =IF(B9<=12,"0-12 mois",IF(B9<=24,"13-24 mois",IF(B9<=48,"25-48 mois","49 mois et +"))) -> 0-12 mois
A10: 9305-CDSKC | B10: 8 | C10: Fiber optic | D10: Month-to-month | E10: Yes | F10: =IF(B10<=12,"0-12 mois",IF(B10<=24,"13-24 mois",IF(B10<=48,"25-48 mois","49 mois et +"))) -> 0-12 mois
A11: 1452-KIOVK | B11: 22 | C11: Fiber optic | D11: Month-to-month | E11: No | F11: =IF(B11<=12,"0-12 mois",IF(B11<=24,"13-24 mois",IF(B11<=48,"25-48 mois","49 mois et +"))) -> 13-24 mois
A12: 6713-OKOMC | B12: 10 | C12: DSL | D12: Month-to-month | E12: No | F12: =IF(B12<=12,"0-12 mois",IF(B12<=24,"13-24 mois",IF(B12<=48,"25-48 mois","49 mois et +"))) -> 0-12 mois
A13: 7892-POOKP | B13: 28 | C13: Fiber optic | D13: Month-to-month | E13: Yes | F13: =IF(B13<=12,"0-12 mois",IF(B13<=24,"13-24 mois",IF(B13<=48,"25-48 mois","49 mois et +"))) -> 25-48 mois
A14: 6388-TABGU | B14: 62 | C14: DSL | D14: One year | E14: No | F14: =IF(B14<=12,"0-12 mois",IF(B14<=24,"13-24 mois",IF(B14<=48,"25-48 mois","49 mois et +"))) -> 49 mois et +
A15: 9763-GRSKD | B15: 13 | C15: DSL | D15: Month-to-month | E15: No | F15: =IF(B15<=12,"0-12 mois",IF(B15<=24,"13-24 mois",IF(B15<=48,"25-48 mois","49 mois et +"))) -> 13-24 mois
A16: 7469-LKBCI | B16: 16 | C16: No | D16: Two year | E16: No | F16: =IF(B16<=12,"0-12 mois",IF(B16<=24,"13-24 mois",IF(B16<=48,"25-48 mois","49 mois et +"))) -> 13-24 mois
... A7047: 3186-AJIEK | B7047: 66 | C7047: Fiber optic | D7047: Two year | E7047: No | F7047: =IF(B7047<=12,"0-12 mois",IF(B7047<=24,"13-24 mois",IF(B7047<=48,"25-48 mois","49 mois et +"))) -> 49 mois et +

Sheet Analyse
A1: Taux de départ par segment
A2: Taux = clients partis du segment / clients du segment.
A4: Contrat | B4: Clients | C4: Partis | D4: Taux de départ
A5: Month-to-month | B5: =COUNTIF(Clients!$D$5:$D$7047,A5) -> 3875 | C5: =COUNTIFS(Clients!$D$5:$D$7047,A5,Clients!$E$5:$E$7047,"Yes") -> 1655 | D5: =C5/B5 -> 0.42709677
A6: One year | B6: =COUNTIF(Clients!$D$5:$D$7047,A6) -> 1473 | C6: =COUNTIFS(Clients!$D$5:$D$7047,A6,Clients!$E$5:$E$7047,"Yes") -> 166 | D6: =C6/B6 -> 0.11269518
A7: Two year | B7: =COUNTIF(Clients!$D$5:$D$7047,A7) -> 1695 | C7: =COUNTIFS(Clients!$D$5:$D$7047,A7,Clients!$E$5:$E$7047,"Yes") -> 48 | D7: =C7/B7 -> 0.028318584
A10: Ancienneté | B10: Clients | C10: Partis | D10: Taux de départ
A11: 0-12 mois | B11: =COUNTIF(Clients!$F$5:$F$7047,A11) -> 2186 | C11: =COUNTIFS(Clients!$F$5:$F$7047,A11,Clients!$E$5:$E$7047,"Yes") -> 1037 | D11: =C11/B11 -> 0.47438243
A12: 13-24 mois | B12: =COUNTIF(Clients!$F$5:$F$7047,A12) -> 1024 | C12: =COUNTIFS(Clients!$F$5:$F$7047,A12,Clients!$E$5:$E$7047,"Yes") -> 294 | D12: =C12/B12 -> 0.28710938
A13: 25-48 mois | B13: =COUNTIF(Clients!$F$5:$F$7047,A13) -> 1594 | C13: =COUNTIFS(Clients!$F$5:$F$7047,A13,Clients!$E$5:$E$7047,"Yes") -> 325 | D13: =C13/B13 -> 0.20388959
A14: 49 mois et + | B14: =COUNTIF(Clients!$F$5:$F$7047,A14) -> 2239 | C14: =COUNTIFS(Clients!$F$5:$F$7047,A14,Clients!$E$5:$E$7047,"Yes") -> 213 | D14: =C14/B14 -> 0.095131755
A17: Internet | B17: Clients | C17: Partis | D17: Taux de départ
A18: Fiber optic | B18: =COUNTIF(Clients!$C$5:$C$7047,A18) -> 3096 | C18: =COUNTIFS(Clients!$C$5:$C$7047,A18,Clients!$E$5:$E$7047,"Yes") -> 1297 | D18: =C18/B18 -> 0.41892765
A19: DSL | B19: =COUNTIF(Clients!$C$5:$C$7047,A19) -> 2421 | C19: =COUNTIFS(Clients!$C$5:$C$7047,A19,Clients!$E$5:$E$7047,"Yes") -> 459 | D19: =C19/B19 -> 0.18959108
A20: No | B20: =COUNTIF(Clients!$C$5:$C$7047,A20) -> 1526 | C20: =COUNTIFS(Clients!$C$5:$C$7047,A20,Clients!$E$5:$E$7047,"Yes") -> 113 | D20: =C20/B20 -> 0.074049803
A23: Taux de départ global : | D23: =COUNTIF(Clients!$E$5:$E$7047,"Yes")/COUNTA(Clients!$E$5:$E$7047) -> 0.26536987

Sheet G1 Contrat

Sheet G2 Anciennete

Sheet G3 Internet
