Workbook

Sheet Lisez-moi
A1: Le tir que la NBA a arrêté de financer — refaire les graphiques
A3: Ce classeur contient les données de chaque graphique de l'étude, et le graphique refait dans Excel.
A5: Les feuilles
A6: • Parts : part des tirs par zone, saison par saison. Les colonnes « grandes zones » sont des formules.
A7: • Rendement : points rapportés par tir, par zone et par saison.
A8: • Decomposition : le calcul « mieux tirer ou tirer au bon endroit », entièrement en formules (SUMPRODUCT).
A9: • Correlation : lien entre part de mi-distance d'une équipe et son rendement, par saison.
A10: • Terrain 2004 / Terrain 2025 : la carte des tirs en carte de chaleur (mise en forme conditionnelle).
A12: Refaire un graphique dans Excel
A13: 1. Sélectionnez le tableau (en-têtes compris). 2. Insertion > Graphiques recommandés. 3. Choisissez le type indiqué dans le titre de la feuille.
A15: Dans Power BI
A16: Obtenir les données > Texte/CSV > terrain.csv : visuel « Nuage de points » avec x en Axe X, y en Axe Y, part en Taille, et saison en Axe de lecture (animation).
... A20: Source : NBA.com, via github.com/DomSamangy/NBA_Shots_04_25 (4,4 millions de tirs, 2003-04 à 2024-25).

Sheet Parts
A1: Part des tirs par zone — courbes
A2: Source : NBA.com. Lancers francs exclus.
A4: Saison | B4: Sous le panier | C4: Raquette | D4: Mi-distance | E4: 3 pts dans le coin | F4: 3 pts dans l'axe | G4: Près du panier | H4: 3 points | I4: Mi-distance (rappel)
A5: 2003-04 | B5: 0.313 | C5: 0.144 | D5: 0.357 | E5: 0.05 | F5: 0.135 | G5: =B5+C5 -> 0.457 | H5: =E5+F5 -> 0.185 | I5: =D5 -> 0.357
A6: 2004-05 | B6: 0.32 | C6: 0.131 | D6: 0.355 | E6: 0.055 | F6: 0.139 | G6: =B6+C6 -> 0.451 | H6: =E6+F6 -> 0.194 | I6: =D6 -> 0.355
A7: 2005-06 | B7: 0.325 | C7: 0.129 | D7: 0.345 | E7: 0.057 | F7: 0.143 | G7: =B7+C7 -> 0.454 | H7: =E7+F7 -> 0.2 | I7: =D7 -> 0.345
A8: 2006-07 | B8: 0.33 | C8: 0.129 | D8: 0.331 | E8: 0.06 | F8: 0.151 | G8: =B8+C8 -> 0.459 | H8: =E8+F8 -> 0.211 | I8: =D8 -> 0.331
A9: 2007-08 | B9: 0.321 | C9: 0.13 | D9: 0.33 | E9: 0.061 | F9: 0.159 | G9: =B9+C9 -> 0.451 | H9: =E9+F9 -> 0.22 | I9: =D9 -> 0.33
A10: 2008-09 | B10: 0.328 | C10: 0.128 | D10: 0.322 | E10: 0.064 | F10: 0.158 | G10: =B10+C10 -> 0.456 | H10: =E10+F10 -> 0.222 | I10: =D10 -> 0.322
A11: 2009-10 | B11: 0.333 | C11: 0.132 | D11: 0.315 | E11: 0.059 | F11: 0.161 | G11: =B11+C11 -> 0.465 | H11: =E11+F11 -> 0.22 | I11: =D11 -> 0.315
A12: 2010-11 | B12: 0.316 | C12: 0.153 | D12: 0.311 | E12: 0.062 | F12: 0.158 | G12: =B12+C12 -> 0.469 | H12: =E12+F12 -> 0.22 | I12: =D12 -> 0.311
A13: 2011-12 | B13: 0.324 | C13: 0.149 | D13: 0.303 | E13: 0.061 | F13: 0.163 | G13: =B13+C13 -> 0.473 | H13: =E13+F13 -> 0.224 | I13: =D13 -> 0.303
A14: 2012-13 | B14: 0.329 | C14: 0.146 | D14: 0.284 | E14: 0.067 | F14: 0.174 | G14: =B14+C14 -> 0.475 | H14: =E14+F14 -> 0.241 | I14: =D14 -> 0.284
A15: 2013-14 | B15: 0.324 | C15: 0.15 | D15: 0.269 | E15: 0.066 | F15: 0.191 | G15: =B15+C15 -> 0.474 | H15: =E15+F15 -> 0.257 | I15: =D15 -> 0.269
A16: 2014-15 | B16: 0.322 | C16: 0.149 | D16: 0.262 | E16: 0.07 | F16: 0.197 | G16: =B16+C16 -> 0.471 | H16: =E16+F16 -> 0.267 | I16: =D16 -> 0.262
... A26: 2024-25 | B26: 0.279 | C26: 0.203 | D26: 0.098 | E26: 0.108 | F26: 0.312 | G26: =B26+C26 -> 0.482 | H26: =E26+F26 -> 0.42 | I26: =D26 -> 0.098

Sheet Rendement
A1: Points rapportés par tir, par zone — histogramme (première et dernière saison)
A2: Source : NBA.com. Rendement = points marqués / tirs tentés.
A4: Saison | B4: Sous le panier | C4: Raquette | D4: Mi-distance | E4: 3 pts dans le coin | F4: 3 pts dans l'axe
A5: 2003-04 | B5: 1.164 | C5: 0.772 | D5: 0.764 | E5: 1.131 | F5: 1.021
A6: 2004-05 | B6: 1.171 | C6: 0.796 | D6: 0.785 | E6: 1.149 | F6: 1.047
A7: 2005-06 | B7: 1.184 | C7: 0.81 | D7: 0.796 | E7: 1.166 | F7: 1.052
A8: 2006-07 | B8: 1.2 | C8: 0.826 | D8: 0.798 | E8: 1.152 | F8: 1.056
A9: 2007-08 | B9: 1.199 | C9: 0.817 | D9: 0.804 | E9: 1.185 | F9: 1.063
A10: 2008-09 | B10: 1.192 | C10: 0.825 | D10: 0.803 | E10: 1.182 | F10: 1.082
A11: 2009-10 | B11: 1.212 | C11: 0.846 | D11: 0.8 | E11: 1.173 | F11: 1.037
A12: 2010-11 | B12: 1.24 | C12: 0.78 | D12: 0.801 | E12: 1.182 | F12: 1.048
A13: 2011-12 | B13: 1.21 | C13: 0.762 | D13: 0.775 | E13: 1.127 | F13: 1.026
A14: 2012-13 | B14: 1.209 | C14: 0.769 | D14: 0.785 | E14: 1.169 | F14: 1.053
A15: 2013-14 | B15: 1.217 | C15: 0.786 | D15: 0.789 | E15: 1.171 | F15: 1.058
A16: 2014-15 | B16: 1.202 | C16: 0.785 | D16: 0.791 | E16: 1.157 | F16: 1.022
... A26: 2024-25 | B26: 1.327 | C26: 0.887 | D26: 0.834 | E26: 1.164 | F26: 1.06

Sheet Decomposition
A1: Mieux tirer, ou tirer au bon endroit ? (décomposition mix / adresse)
A2: Tout est calculé par formules à partir des feuilles Parts et Rendement (première et dernière saison).
A4: Zone | B4: Part 2003-04 | C4: Part 2024-25 | D4: Rendement 2003-04 | E4: Rendement 2024-25
A5: Sous le panier | B5: =Parts!B5 -> 0.313 | C5: =Parts!B26 -> 0.279 | D5: =Rendement!B5 -> 1.164 | E5: =Rendement!B26 -> 1.327
A6: Raquette | B6: =Parts!C5 -> 0.144 | C6: =Parts!C26 -> 0.203 | D6: =Rendement!C5 -> 0.772 | E6: =Rendement!C26 -> 0.887
A7: Mi-distance | B7: =Parts!D5 -> 0.357 | C7: =Parts!D26 -> 0.098 | D7: =Rendement!D5 -> 0.764 | E7: =Rendement!D26 -> 0.834
A8: 3 pts dans le coin | B8: =Parts!E5 -> 0.05 | C8: =Parts!E26 -> 0.108 | D8: =Rendement!E5 -> 1.131 | E8: =Rendement!E26 -> 1.164
A9: 3 pts dans l'axe | B9: =Parts!F5 -> 0.135 | C9: =Parts!F26 -> 0.312 | D9: =Rendement!F5 -> 1.021 | E9: =Rendement!F26 -> 1.06
A12: Rendement global, première saison | B12: =SUMPRODUCT(B5:B9,D5:D9) -> 0.942633
A13: Rendement global, dernière saison | B13: =SUMPRODUCT(C5:C9,E5:E9) -> 1.088458
A14: Hausse totale (point par tir) | B14: =B13-B12 -> 0.145825
A15: Effet mix : on tire au bon endroit | B15: =SUMPRODUCT(C5:C9-B5:B9,D5:D9) -> 0.054411
A16: Effet adresse : on tire mieux | B16: =SUMPRODUCT(B5:B9,E5:E9-D5:D9) -> 0.099484
A17: Interaction | B17: =SUMPRODUCT(C5:C9-B5:B9,E5:E9-D5:D9) -> -0.00807
A18: Part du gain due au mix | B18: =B15/B14 -> 0.37312532
A19: Contrôle : mix + adresse + interaction − hausse (doit faire 0) | B19: =B15+B16+B17-B14 -> 0

Sheet Correlation
A1: Corrélation part de mi-distance / rendement des équipes — histogramme
A2: 30 équipes par saison. Sous zéro : moins de mi-distance = plus efficace.
A4: Saison | B4: Corrélation | C4: Équipe avec le moins de mi-distance
A5: 2003-04 | B5: -0.21 | C5: Memphis Grizzlies
A6: 2004-05 | B6: -0.47 | C6: Memphis Grizzlies
A7: 2005-06 | B7: -0.38 | C7: Miami Heat
A8: 2006-07 | B8: -0.48 | C8: Golden State Warriors
A9: 2007-08 | B9: -0.49 | C9: Orlando Magic
A10: 2008-09 | B10: -0.44 | C10: New York Knicks
A11: 2009-10 | B11: -0.51 | C11: Orlando Magic
A12: 2010-11 | B12: -0.41 | C12: Orlando Magic
A13: 2011-12 | B13: -0.42 | C13: Denver Nuggets
A14: 2012-13 | B14: -0.5 | C14: Houston Rockets
A15: 2013-14 | B15: -0.35 | C15: Houston Rockets
A16: 2014-15 | B16: -0.35 | C16: Houston Rockets
... A26: 2024-25 | B26: 0.21 | C26: Atlanta Hawks

Sheet Terrain 2004
A1: Carte des tirs 2003-04 : part des tirs (‰) par case de 2 × 2 pieds
A2: Ligne 1 = au niveau du panier (fond du terrain). Mise en forme conditionnelle : plus c'est rouge, plus on tire de là.
B4: -24 | C4: -22 | D4: -20 | E4: -18 | F4: -16 | G4: -14 | H4: -12 | I4: -10 | J4: -8 | K4: -6 | L4: -4 | M4: -2 | N4: 0 | O4: 2 | P4: 4 | Q4: 6 | R4: 8 | S4: 10 | T4: 12 | U4: 14 | V4: 16 | W4: 18 | X4: 20 | Y4: 22 | Z4: 24
A5: 1 | V5: 0.2 | W5: 0.2 | X5: 0.2 | Z5: 0.2
A6: 3 | B6: 2.1 | C6: 1.9 | D6: 1.3 | E6: 2.4 | F6: 2 | G6: 1.5 | H6: 0.8 | I6: 0.7 | J6: 0.5 | K6: 0.3 | N6: 0.5 | Q6: 0.2 | R6: 0.5 | S6: 0.8 | T6: 1.1 | U6: 1.8 | V6: 2.3 | W6: 2.3 | X6: 1.9 | Y6: 1.2 | Z6: 3.5
A7: 5 | B7: 4.3 | C7: 4.2 | D7: 2.3 | E7: 4.3 | F7: 4.8 | G7: 3.7 | H7: 2.8 | I7: 2.5 | J7: 2.7 | K7: 2.5 | L7: 2.2 | M7: 6.6 | N7: 262.2 | O7: 6.6 | P7: 2 | Q7: 2 | R7: 2.2 | S7: 2.9 | T7: 3.2 | U7: 4.9 | V7: 6.3 | W7: 5.6 | X7: 3.2 | Y7: 3.2 | Z7: 7.9
A8: 7 | B8: 2.9 | C8: 2.5 | D8: 1.6 | E8: 3 | F8: 4.2 | G8: 3.5 | H8: 3 | I8: 3.2 | J8: 4.2 | K8: 4.7 | L8: 4.8 | M8: 8.3 | N8: 10.5 | O8: 7.4 | P8: 4.5 | Q8: 4 | R8: 3.5 | S8: 3.2 | T8: 3.1 | U8: 4.1 | V8: 5.1 | W8: 3.6 | X8: 2.2 | Y8: 1.9 | Z8: 3.7
A9: 9 | B9: 1.5 | C9: 1.4 | D9: 0.9 | E9: 2 | F9: 2.6 | G9: 2.5 | H9: 2 | I9: 2.2 | J9: 2.8 | K9: 3.6 | L9: 4.2 | M9: 5.2 | N9: 8.2 | O9: 5.2 | P9: 4.6 | Q9: 3.7 | R9: 2.7 | S9: 2.2 | T9: 2.3 | U9: 2.6 | V9: 2.8 | W9: 1.8 | X9: 1.1 | Y9: 0.9 | Z9: 2.2
A10: 11 | B10: 1.1 | C10: 0.9 | D10: 0.7 | E10: 1.6 | F10: 2.4 | G10: 2.6 | H10: 1.8 | I10: 1.6 | J10: 1.9 | K10: 2.4 | L10: 3.2 | M10: 4.6 | N10: 10.3 | O10: 5.4 | P10: 3.5 | Q10: 2.8 | R10: 1.8 | S10: 1.9 | T10: 2.1 | U10: 2.7 | V10: 2.6 | W10: 1.7 | X10: 0.9 | Y10: 0.8 | Z10: 1.3
A11: 13 | B11: 0.6 | C11: 0.8 | D11: 0.8 | E11: 1.5 | F11: 2.6 | G11: 2.7 | H11: 1.9 | I11: 1.5 | J11: 1.3 | K11: 1.9 | L11: 1.9 | M11: 2.7 | N11: 6.2 | O11: 2.6 | P11: 1.7 | Q11: 1.9 | R11: 1.6 | S11: 1.5 | T11: 1.8 | U11: 2.9 | V11: 3 | W11: 1.6 | X11: 0.9 | Y11: 0.6 | Z11: 0.9
A12: 15 | B12: 0.3 | C12: 1.4 | D12: 0.5 | E12: 1.2 | F12: 2 | G12: 2.8 | H12: 2 | I12: 1.4 | J12: 1.1 | K12: 1.2 | L12: 1.1 | M12: 1.4 | N12: 3.1 | O12: 1.4 | P12: 1.1 | Q12: 1.4 | R12: 1.1 | S12: 1.4 | T12: 1.9 | U12: 3.2 | V12: 2.6 | W12: 1.3 | X12: 0.7 | Y12: 1.2 | Z12: 0.4
A13: 17 | B13: 0.2 | C13: 2.6 | D13: 0.8 | E13: 1.1 | F13: 2.1 | G13: 3.5 | H13: 2.8 | I13: 1.9 | J13: 1.6 | K13: 1.3 | L13: 1 | M13: 0.9 | N13: 2.6 | O13: 1 | P13: 1 | Q13: 1.3 | R13: 1.5 | S13: 1.8 | T13: 2.7 | U13: 3.4 | V13: 2.2 | W13: 1.1 | X13: 0.6 | Y13: 2.8 | Z13: 0.4
A14: 19 | C14: 1.4 | D14: 2.7 | E14: 0.6 | F14: 1.9 | G14: 3.1 | H14: 4 | I14: 3.1 | J14: 2.8 | K14: 1.3 | L14: 0.9 | M14: 1.1 | N14: 2.6 | O14: 1.3 | P14: 0.8 | Q14: 1.3 | R14: 2.6 | S14: 3.1 | T14: 3.5 | U14: 2.8 | V14: 1.6 | W14: 0.7 | X14: 2.4 | Y14: 2.5
A15: 21 | C15: 0.3 | D15: 2.9 | E15: 2.3 | F15: 1 | G15: 2 | H15: 3.1 | I15: 3.4 | J15: 2.7 | K15: 1.7 | L15: 1.3 | M15: 1.5 | N15: 3.6 | O15: 1.6 | P15: 1.2 | Q15: 1.5 | R15: 2.5 | S15: 3.2 | T15: 2.9 | U15: 2 | V15: 1 | W15: 1.8 | X15: 4 | Y15: 0.7
A16: 23 | D16: 0.9 | E16: 5.1 | F16: 2.5 | G16: 1 | H16: 1.9 | I16: 2.3 | J16: 2.6 | K16: 1.9 | L16: 1.6 | M16: 1.6 | N16: 3.3 | O16: 1.7 | P16: 1.3 | Q16: 1.8 | R16: 2 | S16: 2.1 | T16: 1.7 | U16: 1.1 | V16: 2.3 | W16: 4.9 | X16: 1.7 | Y16: 0.2
A17: 25 | D17: 0.2 | E17: 1.6 | F17: 4.7 | G17: 3.5 | H17: 0.9 | I17: 1 | J17: 1.2 | K17: 1.4 | L17: 1.5 | M17: 1.8 | N17: 3.5 | O17: 1.5 | P17: 1.2 | Q17: 1.2 | R17: 1.2 | S17: 1 | T17: 0.7 | U17: 3.2 | V17: 4.6 | W17: 2 | X17: 0.3
A18: 27 | E18: 0.2 | F18: 1.4 | G18: 3.7 | H18: 4 | I18: 1.9 | J18: 0.8 | K18: 0.6 | L18: 0.6 | M18: 1.1 | N18: 1.6 | O18: 0.9 | P18: 0.6 | Q18: 0.5 | R18: 0.5 | S18: 1.4 | T18: 3.4 | U18: 3.8 | V18: 1.5 | W18: 0.3
A19: 29 | F19: 0.2 | G19: 0.5 | H19: 1.4 | I19: 2.4 | J19: 2.7 | K19: 2 | L19: 1.6 | M19: 1.6 | N19: 2.3 | O19: 1.5 | P19: 1.3 | Q19: 1.7 | R19: 2.1 | S19: 2.3 | T19: 1.6 | U19: 0.6
A20: 31 | H20: 0.2 | I20: 0.3 | J20: 0.7 | K20: 1 | L20: 1.2 | M20: 1.9 | N20: 3.7 | O20: 2.4 | P20: 1.3 | Q20: 0.8 | R20: 0.6 | S20: 0.3

Sheet Terrain 2025
A1: Carte des tirs 2024-25 : part des tirs (‰) par case de 2 × 2 pieds
A2: Ligne 1 = au niveau du panier (fond du terrain). Mise en forme conditionnelle : plus c'est rouge, plus on tire de là.
B4: -24 | C4: -22 | D4: -20 | E4: -18 | F4: -16 | G4: -14 | H4: -12 | I4: -10 | J4: -8 | K4: -6 | L4: -4 | M4: -2 | N4: 0 | O4: 2 | P4: 4 | Q4: 6 | R4: 8 | S4: 10 | T4: 12 | U4: 14 | V4: 16 | W4: 18 | X4: 20 | Y4: 22 | Z4: 24
A5: 1
A6: 3 | B6: 1.1 | C6: 1.6 | G6: 0.2 | H6: 0.2 | N6: 0.2 | O6: 0.2 | T6: 0.2 | U6: 0.2 | Y6: 2.8 | Z6: 3.6
A7: 5 | B7: 5.3 | C7: 7.5 | D7: 0.3 | E7: 0.2 | F7: 0.5 | G7: 0.7 | H7: 0.8 | I7: 0.9 | J7: 0.7 | K7: 1 | L7: 3.4 | M7: 17.1 | N7: 67.5 | O7: 17 | P7: 3 | Q7: 1.1 | R7: 0.8 | S7: 0.9 | T7: 0.8 | U7: 0.7 | V7: 0.4 | W7: 0.2 | X7: 0.3 | Y7: 8.4 | Z7: 9.7
A8: 7 | B8: 7.5 | C8: 8.8 | D8: 0.3 | E8: 0.2 | F8: 0.5 | G8: 0.9 | H8: 1.1 | I8: 1.7 | J8: 1.7 | K8: 3.8 | L8: 13.2 | M8: 39.9 | N8: 67.7 | O8: 37.6 | P8: 11.3 | Q8: 3.5 | R8: 1.5 | S8: 1.2 | T8: 1.1 | U8: 0.9 | V8: 0.6 | W8: 0.2 | X8: 0.3 | Y8: 6.7 | Z8: 9.3
A9: 9 | B9: 4.7 | C9: 5.2 | D9: 0.1 | E9: 0.2 | F9: 0.4 | G9: 0.6 | H9: 0.8 | I9: 1.4 | J9: 2 | K9: 4.2 | L9: 9.3 | M9: 13.2 | N9: 19 | O9: 13.5 | P9: 7.5 | Q9: 3.3 | R9: 1.9 | S9: 1.3 | T9: 0.8 | U9: 0.9 | V9: 0.5 | W9: 0.2 | X9: 0.2 | Y9: 3.4 | Z9: 5.1
A10: 11 | B10: 3.5 | C10: 3.8 | E10: 0.2 | F10: 0.3 | G10: 0.5 | H10: 0.7 | I10: 1.3 | J10: 1.6 | K10: 3.2 | L10: 6.1 | M10: 8.1 | N10: 12.6 | O10: 7.6 | P10: 5.2 | Q10: 2.8 | R10: 1.5 | S10: 1.1 | T10: 0.8 | U10: 0.5 | V10: 0.3 | W10: 0.2 | X10: 0.1 | Y10: 1.9 | Z10: 3.1
A11: 13 | B11: 2 | C11: 2.8 | F11: 0.3 | G11: 0.5 | H11: 0.7 | I11: 0.9 | J11: 1.1 | K11: 2.2 | L11: 3.8 | M11: 4.9 | N11: 8.1 | O11: 5.1 | P11: 3.5 | Q11: 2.2 | R11: 1.2 | S11: 0.9 | T11: 0.7 | U11: 0.5 | V11: 0.3 | X11: 0.2 | Y11: 1.5 | Z11: 1.9
A12: 15 | B12: 1.1 | C12: 2.4 | E12: 0.2 | F12: 0.3 | G12: 0.4 | H12: 0.7 | I12: 0.8 | J12: 1.1 | K12: 2.2 | L12: 3.5 | M12: 3.7 | N12: 5.9 | O12: 4 | P12: 2.9 | Q12: 2.2 | R12: 1.2 | S12: 0.9 | T12: 0.7 | U12: 0.5 | V12: 0.3 | X12: 0.2 | Y12: 1.7 | Z12: 1.3
A13: 17 | B13: 0.5 | C13: 3.9 | D13: 0.2 | F13: 0.3 | G13: 0.6 | H13: 0.9 | I13: 1.3 | J13: 1.2 | K13: 2.5 | L13: 2.8 | M13: 2.9 | N13: 4.3 | O13: 3 | P13: 2.5 | Q13: 2.2 | R13: 1.2 | S13: 1 | T13: 0.9 | U13: 0.6 | V13: 0.3 | W13: 0.2 | X13: 0.3 | Y13: 4 | Z13: 0.7
A14: 19 | B14: 0.1 | C14: 3.8 | D14: 2.1 | F14: 0.2 | G14: 0.3 | H14: 0.8 | I14: 1.3 | J14: 1.3 | K14: 1.5 | L14: 1.4 | M14: 1.5 | N14: 2.6 | O14: 1.5 | P14: 1.2 | Q14: 1.2 | R14: 1.3 | S14: 1 | T14: 0.8 | U14: 0.5 | V14: 0.3 | W14: 0.2 | X14: 2.3 | Y14: 4.3 | Z14: 0.2
A15: 21 | C15: 1.5 | D15: 5.3 | E15: 1.2 | F15: 0.2 | G15: 0.3 | H15: 0.6 | I15: 1.1 | J15: 1.1 | K15: 0.9 | L15: 1.2 | M15: 1.5 | N15: 2.3 | O15: 1.6 | P15: 1.1 | Q15: 0.9 | R15: 1.2 | S15: 1 | T15: 0.7 | U15: 0.5 | V15: 0.2 | W15: 1.5 | X15: 6.5 | Y15: 2.2
A16: 23 | C16: 0.5 | D16: 3.4 | E16: 6.6 | F16: 1.4 | H16: 0.3 | I16: 0.6 | J16: 0.7 | K16: 0.7 | L16: 0.8 | M16: 0.8 | N16: 1.3 | O16: 0.9 | P16: 0.9 | Q16: 0.6 | R16: 0.7 | S16: 0.5 | T16: 0.4 | U16: 0.2 | V16: 1.9 | W16: 8.4 | X16: 4.8 | Y16: 0.7
A17: 25 | D17: 1.3 | E17: 5 | F17: 8.8 | G17: 2.3 | H17: 0.3 | I17: 0.2 | J17: 0.3 | K17: 0.3 | L17: 0.5 | M17: 0.5 | N17: 0.7 | O17: 0.5 | P17: 0.4 | Q17: 0.4 | R17: 0.3 | S17: 0.2 | T17: 0.3 | U17: 2.7 | V17: 9.5 | W17: 6.6 | X17: 1.6 | Y17: 0.2
A18: 27 | D18: 0.4 | E18: 1.9 | F18: 6.7 | G18: 9.7 | H18: 5.7 | I18: 1.1 | J18: 0.1 | L18: 0.2 | M18: 0.2 | N18: 0.2 | O18: 0.2 | Q18: 0.2 | R18: 0.2 | S18: 1.5 | T18: 5.4 | U18: 9.5 | V18: 7 | W18: 2.2 | X18: 0.5
A19: 29 | D19: 0.1 | E19: 0.5 | F19: 1.8 | G19: 4.4 | H19: 7.7 | I19: 8.4 | J19: 4.5 | K19: 2.1 | L19: 1.1 | M19: 0.8 | N19: 0.9 | O19: 0.9 | P19: 1.2 | Q19: 2.5 | R19: 5.2 | S19: 6.6 | T19: 6.7 | U19: 4.6 | V19: 2.4 | W19: 0.8 | X19: 0.3
A20: 31 | E20: 0.3 | F20: 0.5 | G20: 1.2 | H20: 1.9 | I20: 3.6 | J20: 4.5 | K20: 4.7 | L20: 5.5 | M20: 6.1 | N20: 7.5 | O20: 6.6 | P20: 5.2 | Q20: 4.7 | R20: 4.3 | S20: 3.1 | T20: 2.2 | U20: 1.4 | V20: 0.7 | W20: 0.3
